index,name
1,   گل طبیعی سانسوريا ابلق تافکو کد 2022
2,گل طبیعی بونسای نارون ژاپنی مدل elm-s-65
3,  گل طبیعی فیکوس بلک  تافکو کد 1402
4,گل طبیعی ناز مدل AMS01
5, گل طبیعی شفلرا ابلغ تافکو کد 2026
6, گل طبیعی بابا ادم  تافکو کد 2025
7,   گل طبیعی فیکوس شرابی  تافکو کد 1402
8, گل طبیعی فیکوس لیراتا آفریقایی تافکو کد 2022
9, گل طبیعی آگلونما برفی تافکو کد 2024
10,گل طبیعی شامادورا ابلق مدل کوکه داما
11,گل طبیعی قاشقی سبز کد114
12,گل طبیعی سانسوریا پا کوتاه سبز کد 103
13,گل طبیعی سانسوريا ابلق تافکو کد 2023
14,گل طبیعی شیپوری هیمان کد B206
15,گل طبیعی دیفن باخیا تافکو کد 2029
16,گل طبیعی اگلونما سفید کد 109
17,     گل طبیعی سانسوريا ابلق تافکو کد 2030
18,گل طبیعی پتوس ارتشی کد 116
19,گل طبیعی کاکتوس مدل 02
20,  گل طبیعی آگلونما لب ماتیکی تافکو کد 2022
